{
    "loss": 158.8428497314453,
    "accuracy": 0.48201438784599304
}